duration_min,pulse_bpm,max_pulse_bpm,calories,calories_imputed,duration_min_outlier,pulse_bpm_outlier,max_pulse_bpm_outlier,calories_outlier,calories_per_min,heart_rate_reserve,pulse_to_max_ratio,intensity_category,duration_category,calorie_category,estimated_total_beats,calories_per_beat,training_load,training_load_category,duration_min_scaled,pulse_bpm_scaled,max_pulse_bpm_scaled,calories_per_min_scaled,heart_rate_reserve_scaled,pulse_to_max_ratio_scaled,training_load_scaled,calories_per_beat_scaled
60,110,130,409.1,0,0,0,0,0,6.82,20,0.846,Hoch,Mittel (31-60min),Hoch (401-600kcal),6600,0.06198,6600,Hohe Belastung,-0.09757503616583171,0.15615068665081405,-0.25975943967039267,0.5057029295577028,-0.6377726197211644,0.569940715903073,-0.04674957291117926,0.5787432390361144
60,117,145,479.0,0,0,0,0,0,7.98,28,0.807,Hoch,Mittel (31-60min),Hoch (401-600kcal),7020,0.06823,7020,Sehr hohe Belastung,-0.09757503616583171,0.6334414647155657,0.6537216578680334,1.231246482180115,0.14052617044703603,0.0388366682518042,0.045676431472857715,1.1363815876819956
60,103,135,340.0,0,0,0,0,0,5.67,32,0.763,Hoch,Mittel (31-60min),Mittel (201-400kcal),6180,0.05502,6180,Hohe Belastung,-0.09757503616583171,-0.3211400914139376,0.04473425950908266,-0.21358593726624053,0.5296755655311363,-0.5603576419188598,-0.13917557729521624,-0.04224282601593923
45,109,175,282.4,0,0,0,1,0,6.28,66,0.623,Moderat,Mittel (31-60min),Mittel (201-400kcal),4905,0.05757,4905,Mittlere Belastung,-0.4462622977584361,0.08796628978442096,2.4806838529448854,0.16794989644037298,3.8374454237459883,-2.46688499246188,-0.41975451917532847,0.18527362023158067
45,117,148,406.0,0,0,0,0,0,9.02,31,0.791,Hoch,Mittel (31-60min),Hoch (401-600kcal),5265,0.07711,5265,Mittlere Belastung,-0.4462622977584361,0.6334414647155657,0.8364178773757186,1.8817338052208978,0.4323882167601112,-0.17905217181025546,-0.3405322297032968,1.9286741534380636
60,102,127,300.0,0,0,0,0,0,5.0,25,0.803,Hoch,Mittel (31-60min),Mittel (201-400kcal),6120,0.04902,6120,Mittlere Belastung,-0.09757503616583171,-0.3893244882803307,-0.4424556591780779,-0.6326498857636682,-0.15133587586603914,-0.01563554176371071,-0.15237929220722152,-0.5775756407159852
60,110,136,374.0,0,0,0,0,0,6.23,26,0.809,Hoch,Mittel (31-60min),Mittel (201-400kcal),6600,0.05667,6600,Hohe Belastung,-0.09757503616583171,0.15615068665081405,0.10563299934497773,0.13667646744802772,-0.05404852709501407,0.06607277325956165,-0.04674957291117926,0.10497369802657332
45,104,134,253.3,0,0,0,0,0,5.63,30,0.776,Hoch,Mittel (31-60min),Mittel (201-400kcal),4680,0.05412,4680,Niedrige Belastung,-0.4462622977584361,-0.2529556945475445,-0.016164480326812402,-0.23860468046011685,0.33510086798908617,-0.38332295936843636,-0.4692684500953483,-0.12254274822094598
30,109,133,195.1,0,0,0,0,0,6.5,24,0.82,Hoch,Kurz (<30min),Niedrig (<200kcal),3270,0.05966,3270,Niedrige Belastung,-0.7949495593510405,0.08796628978442096,-0.07706322016270747,0.30555298400669234,-0.24862322463706418,0.21587135080222616,-0.7795557505274724,0.3717478840187629
60,98,124,269.0,0,0,0,0,0,4.48,26,0.79,Hoch,Mittel (31-60min),Mittel (201-400kcal),5880,0.04575,5880,Mittlere Belastung,-0.09757503616583171,-0.662062075745903,-0.625151878685763,-0.9578935472840596,-0.05404852709501407,-0.19267022431413416,-0.20519415185524265,-0.8693320247275105
60,103,147,329.3,0,0,0,0,0,5.49,44,0.701,Moderat,Mittel (31-60min),Mittel (201-400kcal),6180,0.05328,6180,Hohe Belastung,-0.09757503616583171,-0.3211400914139376,0.7755191375398235,-0.3261702816386836,1.697123750783437,-1.4046768971593409,-0.13917557729521624,-0.19748934227895246
60,100,120,250.7,0,0,0,0,0,4.18,20,0.833,Hoch,Mittel (31-60min),Mittel (201-400kcal),6000,0.04178,6000,Mittlere Belastung,-0.09757503616583171,-0.5256932820131169,-0.8687468380293434,-1.1455341212381323,-0.6377726197211644,0.3929060333526496,-0.17878672203123208,-1.2235439037873743
60,106,128,345.3,0,0,0,0,0,5.76,22,0.828,Hoch,Mittel (31-60min),Mittel (201-400kcal),6360,0.05429,6360,Hohe Belastung,-0.09757503616583171,-0.11658690081475832,-0.38155691934218283,-0.157293765080019,-0.4431979221791143,0.32481577083325597,-0.09956443255920039,-0.10737498513777831
60,104,132,379.3,0,0,0,0,0,6.32,28,0.788,Hoch,Mittel (31-60min),Mittel (201-400kcal),6240,0.06079,6240,Hohe Belastung,-0.09757503616583171,-0.2529556945475445,-0.13796195999860253,0.19296863963424926,0.14052617044703603,-0.21990632932189164,-0.12597186238321095,0.4725688974539382
60,98,123,275.0,0,0,0,0,0,4.58,25,0.797,Hoch,Mittel (31-60min),Mittel (201-400kcal),5880,0.04677,5880,Mittlere Belastung,-0.09757503616583171,-0.662062075745903,-0.6860506185216582,-0.8953466892993691,-0.15133587586603914,-0.09734385678698308,-0.20519415185524265,-0.7783254462285026
60,98,120,215.2,0,0,0,0,0,3.59,22,0.817,Hoch,Mittel (31-60min),Mittel (201-400kcal),5880,0.0366,5880,Mittlere Belastung,-0.09757503616583171,-0.662062075745903,-0.8687468380293434,-1.5145605833478073,-0.4431979221791143,0.17501719329058996,-0.20519415185524265,-1.6857145671450806
60,100,120,300.0,0,0,0,0,0,5.0,20,0.833,Hoch,Mittel (31-60min),Mittel (201-400kcal),6000,0.05,6000,Mittlere Belastung,-0.09757503616583171,-0.5256932820131169,-0.8687468380293434,-0.6326498857636682,-0.6377726197211644,0.3929060333526496,-0.17878672203123208,-0.4901379476483108
45,90,112,320.4,1,0,0,0,0,7.12,22,0.804,Hoch,Mittel (31-60min),Mittel (201-400kcal),4050,0.07911,4050,Niedrige Belastung,-0.4462622977584361,-1.2075372506770479,-1.355936756716504,0.6933435035117748,-0.4431979221791143,-0.002017489259831982,-0.6079074566714038,2.107118425004746
60,103,123,323.0,0,0,0,0,0,5.38,20,0.837,Hoch,Mittel (31-60min),Mittel (201-400kcal),6180,0.05227,6180,Hohe Belastung,-0.09757503616583171,-0.3211400914139376,-0.6860506185216582,-0.3949718254218436,-0.6377726197211644,0.4473782433681645,-0.13917557729521624,-0.28760369942012726
45,97,125,243.0,0,0,0,0,0,5.4,28,0.776,Hoch,Mittel (31-60min),Mittel (201-400kcal),4365,0.05567,4365,Niedrige Belastung,-0.4462622977584361,-0.7302464726122961,-0.564253138849868,-0.3824624538249052,0.14052617044703603,-0.38332295936843636,-0.5385879533833761,0.01575156224323223
60,108,131,364.2,0,0,0,0,0,6.07,23,0.824,Hoch,Mittel (31-60min),Mittel (201-400kcal),6480,0.0562,6480,Hohe Belastung,-0.09757503616583171,0.019781892918027864,-0.1988606998344976,0.03660149467252251,-0.34591057340808923,0.2703435608177411,-0.07315700273518982,0.06303929420840321
45,100,119,282.0,0,0,0,0,0,6.27,19,0.84,Hoch,Mittel (31-60min),Mittel (201-400kcal),4500,0.06267,4500,Niedrige Belastung,-0.4462622977584361,-0.5256932820131169,-0.9296455778652384,0.16169521064190348,-0.7350599684921895,0.4882324008798007,-0.5088795948313641,0.6403065127266199
60,130,101,300.0,0,0,1,0,0,5.0,-29,1.287,,Mittel (31-60min),Mittel (201-400kcal),7800,0.03846,7800,Sehr hohe Belastung,-0.09757503616583171,1.5198386239786759,-2.0258228949113497,-0.6326498857636682,-5.404852709501392,6.575501870113586,0.21732472532892638,-1.5197613945880664
45,105,132,246.0,0,0,0,0,0,5.47,27,0.795,Hoch,Mittel (31-60min),Mittel (201-400kcal),4725,0.05206,4725,Niedrige Belastung,-0.4462622977584361,-0.18477129768115141,-0.13796195999860253,-0.33867965323562205,0.04323882167601098,-0.12457996179474053,-0.4593656639113443,-0.3063403479346284
60,102,126,334.5,0,0,0,0,0,5.58,24,0.81,Hoch,Mittel (31-60min),Mittel (201-400kcal),6120,0.05466,6120,Mittlere Belastung,-0.09757503616583171,-0.3893244882803307,-0.5033543990139729,-0.2698781094524621,-0.24862322463706418,0.07969082576344039,-0.15237929220722152,-0.07436279489794193
60,100,120,250.0,0,0,0,0,0,4.17,20,0.833,Hoch,Mittel (31-60min),Mittel (201-400kcal),6000,0.04167,6000,Mittlere Belastung,-0.09757503616583171,-0.5256932820131169,-0.8687468380293434,-1.1517888070366011,-0.6377726197211644,0.3929060333526496,-0.17878672203123208,-1.2333583387235418
60,92,118,241.0,0,0,0,0,0,4.02,26,0.78,Hoch,Mittel (31-60min),Mittel (201-400kcal),5520,0.04366,5520,Mittlere Belastung,-0.09757503616583171,-1.0711684569442617,-0.9905443177011335,-1.2456090940136375,-0.05404852709501407,-0.32885074935292147,-0.28441644132727434,-1.0558062885146933
60,103,132,320.4,1,0,0,0,0,5.34,29,0.78,Hoch,Mittel (31-60min),Mittel (201-400kcal),6180,0.05184,6180,Hohe Belastung,-0.09757503616583171,-0.3211400914139376,-0.13796195999860253,-0.41999056861571993,0.2378135192180611,-0.32885074935292147,-0.13917557729521624,-0.32596921780696386
60,100,132,280.0,0,0,0,0,0,4.67,32,0.758,Hoch,Mittel (31-60min),Mittel (201-400kcal),6000,0.04667,6000,Mittlere Belastung,-0.09757503616583171,-0.5256932820131169,-0.13796195999860253,-0.8390545171131476,0.5296755655311363,-0.6284479044382535,-0.17878672203123208,-0.7872476598068364
60,102,129,380.3,0,0,0,0,0,6.34,27,0.791,Hoch,Mittel (31-60min),Mittel (201-400kcal),6120,0.06214,6120,Mittlere Belastung,-0.09757503616583171,-0.3893244882803307,-0.3206581795062877,0.20547801123118714,0.04323882167601098,-0.17905217181025546,-0.15237929220722152,0.5930187807614489
60,92,115,243.0,0,0,0,0,0,4.05,23,0.8,Hoch,Mittel (31-60min),Mittel (201-400kcal),5520,0.04402,5520,Mittlere Belastung,-0.09757503616583171,-1.0711684569442617,-1.1732405372088186,-1.22684503661823,-0.34591057340808923,-0.056489699275346895,-0.28441644132727434,-1.0236863196326906
45,90,112,180.1,0,0,0,0,0,4.0,22,0.804,Hoch,Mittel (31-60min),Niedrig (<200kcal),4050,0.04447,4050,Niedrige Belastung,-0.4462622977584361,-1.2075372506770479,-1.355936756716504,-1.2581184656105753,-0.4431979221791143,-0.002017489259831982,-0.6079074566714038,-0.9835363585301866
60,101,124,299.0,0,0,0,0,0,4.98,23,0.815,Hoch,Mittel (31-60min),Mittel (201-400kcal),6060,0.04934,6060,Mittlere Belastung,-0.09757503616583171,-0.4575088851467238,-0.625151878685763,-0.6451592573606061,-0.34591057340808923,0.1477810882828325,-0.1655830071192268,-0.549024557265316
60,93,113,223.0,0,0,0,0,0,3.72,20,0.823,Hoch,Mittel (31-60min),Mittel (201-400kcal),5580,0.03996,5580,Mittlere Belastung,-0.09757503616583171,-1.0029840600778686,-1.2950380168806088,-1.4332496679677091,-0.6377726197211644,0.2567255083138623,-0.27121272641526906,-1.3859281909130547
60,107,136,361.0,0,0,0,0,0,6.02,29,0.787,Hoch,Mittel (31-60min),Mittel (201-400kcal),6420,0.05623,6420,Hohe Belastung,-0.09757503616583171,-0.048402503948365226,0.10563299934497773,0.005328065680176708,0.2378135192180611,-0.23352438182577034,-0.0863607176471951,0.06571595828190364
60,114,140,415.0,0,0,0,0,0,6.92,26,0.814,Hoch,Mittel (31-60min),Hoch (401-600kcal),6840,0.06067,6840,Sehr hohe Belastung,-0.09757503616583171,0.4288882741163864,0.349227958688558,0.5682497875423933,-0.05404852709501407,0.13416303577895378,0.006065286736841868,0.4618622411599377
45,104,129,266.0,0,0,0,0,0,5.91,25,0.806,Hoch,Mittel (31-60min),Mittel (201-400kcal),4680,0.05684,4680,Niedrige Belastung,-0.4462622977584361,-0.2529556945475445,-0.3206581795062877,-0.06347347810298272,-0.15133587586603914,0.025218615747925475,-0.4692684500953483,0.12014146110974161
60,98,126,286.0,0,0,0,0,0,4.77,28,0.778,Hoch,Mittel (31-60min),Mittel (201-400kcal),5880,0.04864,5880,Mittlere Belastung,-0.09757503616583171,-0.662062075745903,-0.5033543990139729,-0.7765076591284571,0.14052617044703603,-0.3560868543606789,-0.20519415185524265,-0.6114800523136547
60,100,122,329.4,0,0,0,0,0,5.49,22,0.82,Hoch,Mittel (31-60min),Mittel (201-400kcal),6000,0.0549,6000,Mittlere Belastung,-0.09757503616583171,-0.5256932820131169,-0.7469493583575532,-0.3261702816386836,-0.4431979221791143,0.21587135080222616,-0.17878672203123208,-0.052949482309940336
60,111,138,400.0,0,0,0,0,0,6.67,27,0.804,Hoch,Mittel (31-60min),Mittel (201-400kcal),6660,0.06006,6660,Hohe Belastung,-0.09757503616583171,0.22433508351720716,0.22743047901676786,0.41188264258066654,0.04323882167601098,-0.002017489259831982,-0.03354585799917398,0.40743673833209976
60,111,131,397.0,0,0,0,0,0,6.62,20,0.847,Hoch,Mittel (31-60min),Mittel (201-400kcal),6660,0.05961,6660,Hohe Belastung,-0.09757503616583171,0.22433508351720716,-0.1988606998344976,0.3806092135883213,-0.6377726197211644,0.5835587684069518,-0.03354585799917398,0.36728677722959635
60,99,119,273.0,0,0,0,0,0,4.55,20,0.832,Hoch,Mittel (31-60min),Mittel (201-400kcal),5940,0.04596,5940,Mittlere Belastung,-0.09757503616583171,-0.59387767887951,-0.9296455778652384,-0.9141107466947765,-0.6377726197211644,0.3792879808487709,-0.19199043694323736,-0.8505953762130087
60,109,153,387.6,0,0,0,0,0,6.46,44,0.712,Moderat,Mittel (31-60min),Mittel (201-400kcal),6540,0.05927,6540,Hohe Belastung,-0.09757503616583171,0.08796628978442096,1.1409115765551938,0.2805342408128161,1.697123750783437,-1.2548783196166748,-0.05995328782318454,0.3369512510632604
45,111,136,300.0,0,0,0,0,0,6.67,25,0.816,Hoch,Mittel (31-60min),Mittel (201-400kcal),4995,0.06006,4995,Mittlere Belastung,-0.4462622977584361,0.22433508351720716,0.10563299934497773,0.41188264258066654,-0.15133587586603914,0.16139914078671125,-0.39994894680732057,0.40743673833209976
45,108,129,298.0,0,0,0,0,0,6.62,21,0.837,Hoch,Mittel (31-60min),Mittel (201-400kcal),4860,0.06132,4860,Mittlere Belastung,-0.4462622977584361,0.019781892918027864,-0.3206581795062877,0.3806092135883213,-0.5404852709501393,0.4473782433681645,-0.42965730535933244,0.5198566294191092
60,111,139,397.6,0,0,0,0,0,6.63,28,0.799,Hoch,Mittel (31-60min),Mittel (201-400kcal),6660,0.0597,6660,Hohe Belastung,-0.09757503616583171,0.22433508351720716,0.28832921885266294,0.3868638993867902,0.14052617044703603,-0.07010775177922562,-0.03354585799917398,0.375316769450097
60,107,136,380.2,0,0,0,0,0,6.34,29,0.787,Hoch,Mittel (31-60min),Mittel (201-400kcal),6420,0.05922,6420,Hohe Belastung,-0.09757503616583171,-0.048402503948365226,0.10563299934497773,0.20547801123118714,0.2378135192180611,-0.23352438182577034,-0.0863607176471951,0.33249014427409324
80,123,146,643.1,0,0,0,0,1,8.04,23,0.842,Hoch,Lang (61-90min),Sehr Hoch (>600kcal),9840,0.06536,9840,Sehr hohe Belastung,0.3673413126243075,1.0425478459139244,0.7146203977039284,1.2687745969709288,-0.34591057340808923,0.5154685058875582,0.6662510323371059,0.880314057983807
60,106,130,263.0,0,0,0,0,0,4.38,24,0.815,Hoch,Mittel (31-60min),Mittel (201-400kcal),6360,0.04135,6360,Hohe Belastung,-0.09757503616583171,-0.11658690081475832,-0.25975943967039267,-1.0204404052687506,-0.24862322463706418,0.1477810882828325,-0.09956443255920039,-1.261909422174211
60,118,151,486.0,0,0,0,0,0,8.1,33,0.781,Hoch,Mittel (31-60min),Hoch (401-600kcal),7080,0.06864,7080,Sehr hohe Belastung,-0.09757503616583171,0.7016258615819588,1.0191140968834038,1.3063027117617434,0.6269629143021613,-0.3152326968490427,0.058880146384863,1.172962663353166
30,136,175,238.0,0,0,1,1,0,7.93,39,0.777,Hoch,Kurz (<30min),Mittel (201-400kcal),4080,0.05833,4080,Niedrige Belastung,-0.7949495593510405,1.9289450051770345,2.4806838529448854,1.1999730531877693,1.2106870069283115,-0.36970490686455765,-0.601305599215401,0.25308244342691955
60,121,146,450.7,0,0,0,0,0,7.51,25,0.829,Hoch,Mittel (31-60min),Hoch (401-600kcal),7260,0.06208,7260,Sehr hohe Belastung,-0.09757503616583171,0.9061790521811381,0.7146203977039284,0.9372762496520683,-0.15133587586603914,0.3384338233371347,0.09849129112087884,0.5876654526144487
60,118,121,413.0,0,0,0,0,0,6.88,3,0.975,Sehr Hoch,Mittel (31-60min),Hoch (401-600kcal),7080,0.05833,7080,Sehr hohe Belastung,-0.09757503616583171,0.7016258615819588,-0.8078480981934483,0.543231044348517,-2.2916575488285904,2.3266694889034274,0.058880146384863,0.25308244342691955
45,115,144,305.0,0,0,0,0,0,6.78,29,0.799,Hoch,Mittel (31-60min),Mittel (201-400kcal),5175,0.05894,5175,Mittlere Belastung,-0.4462622977584361,0.4970726709827795,0.5928229180321383,0.4806841863638265,0.2378135192180611,-0.07010775177922562,-0.3603378020713047,0.3075079462547575
20,153,172,226.4,0,1,1,1,0,11.32,19,0.89,Sehr Hoch,Kurz (<30min),Mittel (201-400kcal),3060,0.07399,3060,Niedrige Belastung,-1.0274077337461103,3.0880797519057173,2.2979876334372,3.3203115388687845,-0.7350599684921895,1.1691350260737372,-0.8257687527194909,1.6503010897940398
45,123,152,321.0,0,0,0,0,0,7.13,29,0.809,Hoch,Mittel (31-60min),Mittel (201-400kcal),5535,0.05799,5535,Mittlere Belastung,-0.4462622977584361,1.0425478459139244,1.0800128367192987,0.6995981893102438,0.2378135192180611,0.06607277325956165,-0.28111551259927303,0.22274691726058363
210,108,160,1376.0,0,1,0,0,1,6.55,52,0.675,Moderat,Sehr lang (>90min),Sehr Hoch (>600kcal),22680,0.06067,22680,Sehr hohe Belastung,3.3892975797602127,0.019781892918027864,1.5672027554064594,0.3368264129990376,2.4754225409516373,-1.7587462622601864,3.4918460235062363,0.4618622411599377
160,110,137,1034.4,0,1,0,0,1,6.47,27,0.803,Hoch,Sehr lang (>90min),Sehr Hoch (>600kcal),17600,0.05877,17600,Sehr hohe Belastung,2.2270067077848643,0.15615068665081405,0.1665317391808728,0.286788926611285,0.04323882167601098,-0.01563554176371071,2.373931494289789,0.2923401831715899
160,109,135,853.0,0,1,0,0,1,5.33,26,0.807,Hoch,Sehr lang (>90min),Sehr Hoch (>600kcal),17440,0.04891,17440,Sehr hohe Belastung,2.2270067077848643,0.08796628978442096,0.04473425950908266,-0.42624525441418887,-0.05404852709501407,0.0388366682518042,2.338721587857775,-0.5873900756521526
45,118,141,341.0,0,0,0,0,0,7.58,23,0.837,Hoch,Mittel (31-60min),Mittel (201-400kcal),5310,0.06422,5310,Mittlere Belastung,-0.4462622977584361,0.7016258615819588,0.41012669852445305,0.981059050241352,-0.34591057340808923,0.4473782433681645,-0.3306294435192928,0.778600823190798
20,110,130,131.4,0,1,0,0,0,6.57,20,0.846,Hoch,Kurz (<30min),Niedrig (<200kcal),2200,0.05973,2200,Niedrige Belastung,-1.0274077337461103,0.15615068665081405,-0.25975943967039267,0.34933578459597603,-0.6377726197211644,0.569940715903073,-1.0150219997915666,0.3779934335235968
180,90,130,800.4,0,1,0,0,1,4.45,40,0.692,Moderat,Sehr lang (>90min),Sehr Hoch (>600kcal),16200,0.04941,16200,Sehr hohe Belastung,2.691923056575004,-1.2075372506770479,-0.25975943967039267,-0.9766576046794669,1.3079743556993366,-1.5272393696942494,2.065844813009666,-0.542779007760482
150,105,135,873.4,0,1,0,0,1,5.82,30,0.778,Hoch,Sehr lang (>90min),Sehr Hoch (>600kcal),15750,0.05545,15750,Sehr hohe Belastung,1.9945485333897948,-0.18477129768115141,0.04473425950908266,-0.11976565028920426,0.33510086798908617,-0.3560868543606789,1.9668169511696263,-0.0038773076291026133
150,107,130,816.0,0,1,0,0,1,5.44,23,0.823,Hoch,Sehr lang (>90min),Sehr Hoch (>600kcal),16050,0.05084,16050,Sehr hohe Belastung,1.9945485333897948,-0.048402503948365226,-0.25975943967039267,-0.35744371063102887,-0.34591057340808923,0.2567255083138623,2.0328355257296526,-0.41519135359030435
20,106,136,110.4,0,1,0,0,0,5.52,30,0.779,Hoch,Kurz (<30min),Niedrig (<200kcal),2120,0.05208,2120,Niedrige Belastung,-1.0274077337461103,-0.11658690081475832,0.10563299934497773,-0.3074062242432768,0.33510086798908617,-0.3424688018568002,-1.0326269530075736,-0.30455590521896164
300,108,143,1500.2,0,1,0,0,1,5.0,35,0.755,Hoch,Sehr lang (>90min),Sehr Hoch (>600kcal),32400,0.0463,32400,Sehr hohe Belastung,5.48142114931584,0.019781892918027864,0.5319241781962432,-0.6326498857636682,0.8215376118442114,-0.6693020619498896,5.630847839251092,-0.8202598500466728
150,97,129,1115.0,0,1,0,0,1,7.43,32,0.752,Hoch,Sehr lang (>90min),Sehr Hoch (>600kcal),14550,0.07663,14550,Sehr hohe Belastung,1.9945485333897948,-0.7302464726122961,-0.3206581795062877,0.8872387632643157,0.5296755655311363,-0.7101562194615259,1.7027426529295207,1.8858475282620604
90,100,127,700.0,0,1,0,0,1,7.78,27,0.787,Hoch,Lang (61-90min),Sehr Hoch (>600kcal),9000,0.07778,9000,Sehr hohe Belastung,0.5997994870193771,-0.5256932820131169,-0.4424556591780779,1.1061527662107336,0.04323882167601098,-0.23352438182577034,0.481399023569032,1.9884529844129024
150,97,127,953.2,0,1,0,0,1,6.35,30,0.764,Hoch,Sehr lang (>90min),Sehr Hoch (>600kcal),14550,0.06551,14550,Sehr hohe Belastung,1.9945485333897948,-0.7302464726122961,-0.4424556591780779,0.21173269702965608,0.33510086798908617,-0.5467395894149811,1.7027426529295207,0.8936973783513079
45,114,146,304.0,0,0,0,0,0,6.76,32,0.781,Hoch,Mittel (31-60min),Mittel (201-400kcal),5130,0.05926,5130,Mittlere Belastung,-0.4462622977584361,0.4288882741163864,0.7146203977039284,0.46817481476688805,0.5296755655311363,-0.3152326968490427,-0.37024058825530864,0.3360590297054267
90,98,125,563.2,0,1,0,0,0,6.26,27,0.784,Hoch,Lang (61-90min),Hoch (401-600kcal),8820,0.06385,8820,Sehr hohe Belastung,0.5997994870193771,-0.662062075745903,-0.564253138849868,0.15544052484343454,0.04323882167601098,-0.2743785393374065,0.4417878788330162,0.7455886329509623
45,105,134,251.0,0,0,0,0,0,5.58,29,0.784,Hoch,Mittel (31-60min),Mittel (201-400kcal),4725,0.05312,4725,Niedrige Belastung,-0.4462622977584361,-0.18477129768115141,-0.016164480326812402,-0.2698781094524621,0.2378135192180611,-0.2743785393374065,-0.4593656639113443,-0.21176488400428706
45,110,141,300.0,0,0,0,0,0,6.67,31,0.78,Hoch,Mittel (31-60min),Mittel (201-400kcal),4950,0.06061,4950,Mittlere Belastung,-0.4462622977584361,0.15615068665081405,0.41012669852445305,0.41188264258066654,0.4323882167601112,-0.32885074935292147,-0.4098517329913245,0.45650891301293683
120,100,130,500.4,0,1,0,0,0,4.17,30,0.769,Hoch,Sehr lang (>90min),Hoch (401-600kcal),12000,0.0417,12000,Sehr hohe Belastung,1.297174010204586,-0.5256932820131169,-0.25975943967039267,-1.1517888070366011,0.33510086798908617,-0.4786493268955875,1.1415847691692962,-1.2306816746500415
270,100,131,1729.0,0,1,0,0,1,6.4,31,0.763,Hoch,Sehr lang (>90min),Sehr Hoch (>600kcal),27000,0.06404,27000,Sehr hohe Belastung,4.784046626130631,-0.5256932820131169,-0.1988606998344976,0.2430061260220019,0.4323882167601112,-0.5603576419188598,4.442513497170617,0.7625408387497967
30,159,182,319.2,0,0,1,1,0,10.64,23,0.874,Sehr Hoch,Kurz (<30min),Mittel (201-400kcal),4770,0.06692,4770,Mittlere Belastung,-0.7949495593510405,3.497186133104076,2.9069750317961507,2.894992904572888,-0.34591057340808923,0.9512461860116774,-0.44946287772734034,1.0195005898058183
45,149,169,344.0,0,0,1,1,0,7.64,20,0.882,Sehr Hoch,Mittel (31-60min),Mittel (201-400kcal),6705,0.0513,6705,Sehr hohe Belastung,-0.4462622977584361,2.815342164440145,2.115291413929515,1.0185871650321663,-0.6377726197211644,1.0601906060427073,-0.023643071815170016,-0.37414917112996793
30,103,139,151.1,0,0,0,0,0,5.04,36,0.741,Moderat,Kurz (<30min),Niedrig (<200kcal),3090,0.0489,3090,Niedrige Belastung,-0.7949495593510405,-0.3211400914139376,0.28832921885266294,-0.6076311425697919,0.9188249606152364,-0.8599547970041919,-0.8191668952634883,-0.5882822970099862
120,100,130,500.0,0,1,0,0,0,4.17,30,0.769,Hoch,Sehr lang (>90min),Hoch (401-600kcal),12000,0.04167,12000,Sehr hohe Belastung,1.297174010204586,-0.5256932820131169,-0.25975943967039267,-1.1517888070366011,0.33510086798908617,-0.4786493268955875,1.1415847691692962,-1.2333583387235418
45,100,120,225.3,0,0,0,0,0,5.01,20,0.833,Hoch,Mittel (31-60min),Mittel (201-400kcal),4500,0.05007,4500,Niedrige Belastung,-0.4462622977584361,-0.5256932820131169,-0.8687468380293434,-0.6263951999651993,-0.6377726197211644,0.3929060333526496,-0.5088795948313641,-0.4838923981434769
30,151,170,300.0,0,0,1,1,0,10.0,19,0.888,Sehr Hoch,Kurz (<30min),Mittel (201-400kcal),4530,0.06623,4530,Niedrige Belastung,-0.7949495593510405,2.951710958172931,2.1761901537654103,2.494693013470867,-0.7350599684921895,1.1418989210659796,-0.5022777373753615,0.9579373161153133
45,102,136,234.0,0,0,0,0,0,5.2,34,0.75,Moderat,Mittel (31-60min),Mittel (201-400kcal),4590,0.05098,4590,Niedrige Belastung,-0.4462622977584361,-0.3893244882803307,0.10563299934497773,-0.5075561697942867,0.7242502630731864,-0.7373923244692833,-0.4890740224633562,-0.40270025458063713
120,100,157,1000.1,0,1,0,0,1,8.33,57,0.637,Moderat,Sehr lang (>90min),Sehr Hoch (>600kcal),12000,0.08334,12000,Sehr hohe Belastung,1.297174010204586,-0.5256932820131169,1.3845065358987743,1.4501604851265324,2.9618592848067626,-2.276232257407578,1.1415847691692962,2.484528059368278
45,129,103,242.0,0,0,1,0,0,5.38,-26,1.252,,Mittel (31-60min),Mittel (201-400kcal),5805,0.04169,5805,Mittlere Belastung,-0.4462622977584361,1.4516542271122828,-1.9040254152395595,-0.3949718254218436,-5.112990663188317,6.098870032477832,-0.22169879549524923,-1.231573896007875
20,83,107,50.3,0,1,1,0,1,2.51,24,0.776,Hoch,Kurz (<30min),Niedrig (<200kcal),1660,0.0303,1660,Niedrige Belastung,-1.0274077337461103,-1.6848280287417996,-1.6604304558959793,-2.1900666495824668,-0.24862322463706418,-0.38332295936843636,-1.133855433999614,-2.247814022580129
180,101,127,600.1,0,1,0,0,1,3.33,26,0.795,Hoch,Sehr lang (>90min),Sehr Hoch (>600kcal),18180,0.03301,18180,Sehr hohe Belastung,2.691923056575004,-0.4575088851467238,-0.4424556591780779,-1.677182414108003,-0.05404852709501407,-0.12457996179474053,2.50156740510584,-2.006022034607275
45,107,137,320.4,1,0,0,0,0,7.12,30,0.781,Hoch,Mittel (31-60min),Mittel (201-400kcal),4815,0.06654,4815,Mittlere Belastung,-0.4462622977584361,-0.048402503948365226,0.1665317391808728,0.6933435035117748,0.33510086798908617,-0.3152326968490427,-0.4395600915433364,0.9855961782081495
30,90,107,105.3,0,0,0,0,0,3.51,17,0.841,Hoch,Kurz (<30min),Niedrig (<200kcal),2700,0.039,2700,Niedrige Belastung,-0.7949495593510405,-1.2075372506770479,-1.6604304558959793,-1.56459806973556,-0.9296346660342396,0.5018504533836794,-0.9049910421915226,-1.4715814412650623
15,80,100,50.5,0,1,1,0,1,3.37,20,0.8,Hoch,Kurz (<30min),Niedrig (<200kcal),1200,0.04208,1200,Niedrige Belastung,-1.143636820943645,-1.8893812193409787,-2.086721634747245,-1.6521636709141267,-0.6377726197211644,-0.056489699275346895,-1.2350839149916546,-1.196777263052372
20,150,171,127.4,0,1,1,1,0,6.37,21,0.877,Sehr Hoch,Kurz (<30min),Niedrig (<200kcal),3000,0.04247,3000,Niedrige Belastung,-1.0274077337461103,2.883526561306538,2.237088893601305,0.22424206862659452,-0.5404852709501393,0.9921003435233137,-0.8389724676314961,-1.161980630096869
20,151,168,229.4,0,1,1,1,0,11.47,17,0.899,Sehr Hoch,Kurz (<30min),Mittel (201-400kcal),3020,0.07596,3020,Niedrige Belastung,-1.0274077337461103,2.951710958172931,2.05439267409362,3.414131825845821,-0.9296346660342396,1.2916974986086456,-0.8345712293274944,1.8260686972872215
30,95,128,128.2,0,0,0,0,0,4.27,33,0.742,Moderat,Kurz (<30min),Niedrig (<200kcal),2850,0.04498,2850,Niedrige Belastung,-0.7949495593510405,-0.8666152663450823,-0.38155691934218283,-1.0892419490519107,0.6269629143021613,-0.8463367445003132,-0.8719817549115094,-0.9380330692806831
25,152,168,244.2,0,0,1,1,0,9.77,16,0.905,Sehr Hoch,Kurz (<30min),Mittel (201-400kcal),3800,0.06426,3800,Niedrige Belastung,-0.9111786465485754,3.019895355039324,2.05439267409362,2.350835240106078,-1.0269220148052647,1.373405813631918,-0.6629229354714258,0.7821697086221315
30,109,131,188.2,0,0,0,0,0,6.27,22,0.832,Hoch,Kurz (<30min),Niedrig (<200kcal),3270,0.05755,3270,Niedrige Belastung,-0.7949495593510405,0.08796628978442096,-0.1988606998344976,0.16169521064190348,-0.4431979221791143,0.3792879808487709,-0.7795557505274724,0.18348917751591332
90,93,124,604.1,0,1,0,0,1,6.71,31,0.75,Moderat,Lang (61-90min),Sehr Hoch (>600kcal),8370,0.07217,8370,Sehr hohe Belastung,0.5997994870193771,-1.0029840600778686,-0.625151878685763,0.43690138577454285,0.4323882167601112,-0.7373923244692833,0.34276001699297654,1.4879168026683591
20,95,112,77.7,0,1,0,0,0,3.88,17,0.848,Hoch,Kurz (<30min),Niedrig (<200kcal),1900,0.04089,1900,Niedrige Belastung,-1.0274077337461103,-0.8666152663450823,-1.355936756716504,-1.333174695192204,-0.9296346660342396,0.5971768209108306,-1.081040574351593,-1.3029516046345475
90,90,110,500.0,0,1,0,0,0,5.56,20,0.818,Hoch,Lang (61-90min),Hoch (401-600kcal),8100,0.06173,8100,Sehr hohe Belastung,0.5997994870193771,-1.2075372506770479,-1.477734236388294,-0.28238748104940053,-0.6377726197211644,0.1886352457944687,0.2833432998889528,0.556437705090279
90,90,100,500.0,0,1,0,0,0,5.56,10,0.9,Sehr Hoch,Lang (61-90min),Hoch (401-600kcal),8100,0.06173,8100,Sehr hohe Belastung,0.5997994870193771,-1.2075372506770479,-2.086721634747245,-0.28238748104940053,-1.610646107431415,1.3053155511125243,0.2833432998889528,0.556437705090279
90,90,100,500.4,0,1,0,0,0,5.56,10,0.9,Sehr Hoch,Lang (61-90min),Hoch (401-600kcal),8100,0.06178,8100,Sehr hohe Belastung,0.5997994870193771,-1.2075372506770479,-2.086721634747245,-0.28238748104940053,-1.610646107431415,1.3053155511125243,0.2833432998889528,0.5608988118794462
30,92,108,92.7,0,0,0,0,0,3.09,16,0.852,Sehr Hoch,Kurz (<30min),Niedrig (<200kcal),2760,0.03359,2760,Niedrige Belastung,-0.7949495593510405,-1.0711684569442617,-1.5995317160600842,-1.8272948732712608,-1.0269220148052647,0.6516490309263454,-0.8917873272795173,-1.954273195852937
30,93,128,124.0,0,0,0,0,0,4.13,35,0.727,Moderat,Kurz (<30min),Niedrig (<200kcal),2790,0.04444,2790,Niedrige Belastung,-0.7949495593510405,-1.0029840600778686,-0.38155691934218283,-1.1768075502304773,0.8215376118442114,-1.050607532058494,-0.8851854698235146,-0.986213022603687
180,90,120,800.3,0,1,0,0,1,4.45,30,0.75,Moderat,Sehr lang (>90min),Sehr Hoch (>600kcal),16200,0.0494,16200,Sehr hohe Belastung,2.691923056575004,-1.2075372506770479,-0.8687468380293434,-0.9766576046794669,0.33510086798908617,-0.7373923244692833,2.065844813009666,-0.5436712291183158
30,90,120,86.2,0,0,0,0,0,2.87,30,0.75,Moderat,Kurz (<30min),Niedrig (<200kcal),2700,0.03193,2700,Niedrige Belastung,-0.7949495593510405,-1.2075372506770479,-0.8687468380293434,-1.9648979608375803,0.33510086798908617,-0.7373923244692833,-0.9049910421915226,-2.102381941253283
90,90,120,500.3,0,1,0,0,0,5.56,30,0.75,Moderat,Lang (61-90min),Hoch (401-600kcal),8100,0.06177,8100,Sehr hohe Belastung,0.5997994870193771,-1.2075372506770479,-0.8687468380293434,-0.28238748104940053,0.33510086798908617,-0.7373923244692833,0.2833432998889528,0.5600065905216125
210,137,184,1860.4,0,1,1,1,1,8.86,47,0.745,Moderat,Sehr lang (>90min),Sehr Hoch (>600kcal),28770,0.06466,28770,Sehr hohe Belastung,3.3892975797602127,1.9971294020434276,3.028772511467941,1.7816588324453926,1.9889857970965121,-0.8054825869886769,4.832023087074773,0.8178585629354678
60,102,124,325.2,0,0,0,0,0,5.42,22,0.823,Hoch,Mittel (31-60min),Mittel (201-400kcal),6120,0.05314,6120,Mittlere Belastung,-0.09757503616583171,-0.3893244882803307,-0.625151878685763,-0.3699530822279673,-0.4431979221791143,0.2567255083138623,-0.15237929220722152,-0.2099804412886203
45,107,124,275.0,0,0,0,0,0,6.11,17,0.863,Sehr Hoch,Mittel (31-60min),Mittel (201-400kcal),4815,0.05711,4815,Mittlere Belastung,-0.4462622977584361,-0.048402503948365226,-0.625151878685763,0.06162023786639881,-0.9296346660342396,0.8014476084690114,-0.4395600915433364,0.14423143777124361
15,124,139,124.2,0,1,0,0,0,8.28,15,0.892,Sehr Hoch,Kurz (<30min),Niedrig (<200kcal),1860,0.06677,1860,Niedrige Belastung,-1.143636820943645,1.1107322427803175,0.28832921885266294,1.4188870561341864,-1.1242093635762898,1.1963711310814946,-1.0898430509595964,1.0061172694383174
60,108,131,367.6,0,0,0,0,0,6.13,23,0.824,Hoch,Mittel (31-60min),Mittel (201-400kcal),6480,0.05673,6480,Hohe Belastung,-0.09757503616583171,0.019781892918027864,-0.1988606998344976,0.07412960946333669,-0.34591057340808923,0.2703435608177411,-0.07315700273518982,0.11032702617357419
60,108,151,351.7,0,0,0,0,0,5.86,43,0.715,Moderat,Mittel (31-60min),Mittel (201-400kcal),6480,0.05427,6480,Hohe Belastung,-0.09757503616583171,0.019781892918027864,1.0191140968834038,-0.09474690709532796,1.5998364020124118,-1.2140241621050387,-0.07315700273518982,-0.10915942785344505
60,116,141,443.0,0,0,0,0,0,7.38,25,0.823,Hoch,Mittel (31-60min),Hoch (401-600kcal),6960,0.06365,6960,Sehr hohe Belastung,-0.09757503616583171,0.5652570678491726,0.41012669852445305,0.8559653342719705,-0.15133587586603914,0.2567255083138623,0.03247271656085243,0.7277442057942937
60,97,122,277.4,0,0,0,0,0,4.62,25,0.795,Hoch,Mittel (31-60min),Mittel (201-400kcal),5820,0.04766,5820,Mittlere Belastung,-0.09757503616583171,-0.7302464726122961,-0.7469493583575532,-0.8703279461054928,-0.15133587586603914,-0.12457996179474053,-0.21839786676724793,-0.698917745381329
60,105,125,320.4,1,0,0,0,0,5.34,20,0.84,Hoch,Mittel (31-60min),Mittel (201-400kcal),6300,0.05086,6300,Hohe Belastung,-0.09757503616583171,-0.18477129768115141,-0.564253138849868,-0.41999056861571993,-0.6377726197211644,0.4882324008798007,-0.11276814747120567,-0.4134069108746376
60,103,124,332.7,0,0,0,0,0,5.54,21,0.831,Hoch,Mittel (31-60min),Mittel (201-400kcal),6180,0.05383,6180,Hohe Belastung,-0.09757503616583171,-0.3211400914139376,-0.625151878685763,-0.2948968526463384,-0.5404852709501393,0.36566992834489215,-0.13917557729521624,-0.14841716759811474
30,112,137,193.9,0,0,0,0,0,6.46,25,0.818,Hoch,Kurz (<30min),Niedrig (<200kcal),3360,0.05771,3360,Niedrige Belastung,-0.7949495593510405,0.29251948038360026,0.1665317391808728,0.2805342408128161,-0.15133587586603914,0.1886352457944687,-0.7597501781594644,0.19776471924124792
45,100,120,100.7,0,0,0,0,0,2.24,20,0.833,Hoch,Mittel (31-60min),Niedrig (<200kcal),4500,0.02238,4500,Niedrige Belastung,-0.4462622977584361,-0.5256932820131169,-0.8687468380293434,-2.3589431661411315,-0.6377726197211644,0.3929060333526496,-0.5088795948313641,-2.95445333798419
60,119,169,336.7,0,0,0,1,0,5.61,50,0.704,Moderat,Mittel (31-60min),Mittel (201-400kcal),7140,0.04716,7140,Sehr hohe Belastung,-0.09757503616583171,0.7698102584483519,2.115291413929515,-0.2511140520570547,2.280847843409587,-1.3638227396477047,0.07208386129686828,-0.7435288132729995
60,107,127,344.9,0,0,0,0,0,5.75,20,0.843,Hoch,Mittel (31-60min),Mittel (201-400kcal),6420,0.05372,6420,Hohe Belastung,-0.09757503616583171,-0.048402503948365226,-0.4424556591780779,-0.16354845087848793,-0.6377726197211644,0.5290865583914369,-0.0863607176471951,-0.15823160253428278
60,111,151,368.5,0,0,0,0,0,6.14,40,0.735,Moderat,Mittel (31-60min),Mittel (201-400kcal),6660,0.05533,6660,Hohe Belastung,-0.09757503616583171,0.22433508351720716,1.0191140968834038,0.08038429526180563,1.3079743556993366,-0.9416631120274642,-0.03354585799917398,-0.014583963923103719
60,98,122,271.0,0,0,0,0,0,4.52,24,0.803,Hoch,Mittel (31-60min),Mittel (201-400kcal),5880,0.04609,5880,Mittlere Belastung,-0.09757503616583171,-0.662062075745903,-0.7469493583575532,-0.9328748040901839,-0.24862322463706418,-0.01563554176371071,-0.20519415185524265,-0.8389964985611745
60,97,124,275.3,0,0,0,0,0,4.59,27,0.782,Hoch,Mittel (31-60min),Mittel (201-400kcal),5820,0.0473,5820,Mittlere Belastung,-0.09757503616583171,-0.7302464726122961,-0.625151878685763,-0.8890920035009002,0.04323882167601098,-0.301614644345164,-0.21839786676724793,-0.7310377142633316
60,109,127,382.0,0,0,0,0,0,6.37,18,0.858,Sehr Hoch,Mittel (31-60min),Mittel (201-400kcal),6540,0.05841,6540,Hohe Belastung,-0.09757503616583171,0.08796628978442096,-0.4424556591780779,0.22424206862659452,-0.8323473172632145,0.7333573459496178,-0.05995328782318454,0.2602202142895866
90,99,125,466.4,0,1,0,0,0,5.18,26,0.792,Hoch,Lang (61-90min),Hoch (401-600kcal),8910,0.05235,8910,Sehr hohe Belastung,0.5997994870193771,-0.59387767887951,-0.564253138849868,-0.5200655413912252,-0.05404852709501407,-0.16543411930637672,0.4615934512010241,-0.2804659285574596
60,114,151,384.0,0,0,0,0,0,6.4,37,0.755,Hoch,Mittel (31-60min),Mittel (201-400kcal),6840,0.05614,6840,Sehr hohe Belastung,-0.09757503616583171,0.4288882741163864,1.0191140968834038,0.2430061260220019,1.0161123093862616,-0.6693020619498896,0.006065286736841868,0.057685966061402964
60,104,134,342.5,0,0,0,0,0,5.71,30,0.776,Hoch,Mittel (31-60min),Mittel (201-400kcal),6240,0.05489,6240,Hohe Belastung,-0.09757503616583171,-0.2529556945475445,-0.016164480326812402,-0.18856719407236425,0.33510086798908617,-0.38332295936843636,-0.12597186238321095,-0.053841703667773404
60,107,138,357.5,0,0,0,0,0,5.96,31,0.775,Hoch,Mittel (31-60min),Mittel (201-400kcal),6420,0.05569,6420,Hohe Belastung,-0.09757503616583171,-0.048402503948365226,0.22743047901676786,-0.03220004911063747,0.4323882167601112,-0.39694101187231506,-0.0863607176471951,0.017536004958899596
60,103,133,335.0,0,0,0,0,0,5.58,30,0.774,Hoch,Mittel (31-60min),Mittel (201-400kcal),6180,0.05421,6180,Hohe Belastung,-0.09757503616583171,-0.3211400914139376,-0.07706322016270747,-0.2698781094524621,0.33510086798908617,-0.4105590643761938,-0.13917557729521624,-0.1145127560004453
60,106,132,327.5,0,0,0,0,0,5.46,26,0.803,Hoch,Mittel (31-60min),Mittel (201-400kcal),6360,0.05149,6360,Hohe Belastung,-0.09757503616583171,-0.11658690081475832,-0.13796195999860253,-0.344934339034091,-0.05404852709501407,-0.01563554176371071,-0.09956443255920039,-0.3571969653311329
60,103,136,339.0,0,0,0,0,0,5.65,33,0.757,Hoch,Mittel (31-60min),Mittel (201-400kcal),6180,0.05485,6180,Hohe Belastung,-0.09757503616583171,-0.3211400914139376,0.10563299934497773,-0.2260953088631784,0.6269629143021613,-0.6420659569421322,-0.13917557729521624,-0.0574105890991069
20,136,156,189.0,0,1,1,0,0,9.45,20,0.872,Sehr Hoch,Kurz (<30min),Niedrig (<200kcal),2720,0.06949,2720,Niedrige Belastung,-1.0274077337461103,1.9289450051770345,1.3236077960628791,2.1506852945550676,-0.6377726197211644,0.92401008100392,-0.9005898038875209,1.248801478769005
45,117,143,317.7,0,0,0,0,0,7.06,26,0.818,Hoch,Mittel (31-60min),Mittel (201-400kcal),5265,0.06034,5265,Mittlere Belastung,-0.4462622977584361,0.6334414647155657,0.5319241781962432,0.6558153887209601,-0.05404852709501407,0.1886352457944687,-0.3405322297032968,0.4324189363514348
45,115,137,318.0,0,0,0,0,0,7.07,22,0.839,Hoch,Mittel (31-60min),Mittel (201-400kcal),5175,0.06145,5175,Mittlere Belastung,-0.4462622977584361,0.4970726709827795,0.1665317391808728,0.6620700745194296,-0.4431979221791143,0.474614348375922,-0.3603378020713047,0.5314555070709434
45,113,138,308.0,0,0,0,0,0,6.84,25,0.819,Hoch,Mittel (31-60min),Mittel (201-400kcal),5085,0.06057,5085,Mittlere Belastung,-0.4462622977584361,0.36070387724999337,0.22743047901676786,0.5182123011546407,-0.15133587586603914,0.20225329829834743,-0.3801433744393126,0.45294002758160334
20,141,162,222.4,0,1,1,0,0,11.12,21,0.87,Sehr Hoch,Kurz (<30min),Mittel (201-400kcal),2820,0.07887,2820,Niedrige Belastung,-1.0274077337461103,2.269866989509,1.6890002350782496,3.1952178228994024,-0.5404852709501393,0.8967739759961626,-0.878583612367512,2.085705112416744
60,108,135,390.0,0,0,0,0,0,6.5,27,0.8,Hoch,Mittel (31-60min),Mittel (201-400kcal),6480,0.06019,6480,Hohe Belastung,-0.09757503616583171,0.019781892918027864,0.04473425950908266,0.30555298400669234,0.04323882167601098,-0.056489699275346895,-0.07315700273518982,0.4190356159839339
60,97,127,320.4,1,0,0,0,0,5.34,30,0.764,Hoch,Mittel (31-60min),Mittel (201-400kcal),5820,0.05505,5820,Mittlere Belastung,-0.09757503616583171,-0.7302464726122961,-0.4424556591780779,-0.41999056861571993,0.33510086798908617,-0.5467395894149811,-0.21839786676724793,-0.0395661619424388
45,100,120,250.4,0,0,0,0,0,5.56,20,0.833,Hoch,Mittel (31-60min),Mittel (201-400kcal),4500,0.05564,4500,Niedrige Belastung,-0.4462622977584361,-0.5256932820131169,-0.8687468380293434,-0.28238748104940053,-0.6377726197211644,0.3929060333526496,-0.5088795948313641,0.013074898169732417
45,122,149,335.4,0,0,0,0,0,7.45,27,0.819,Hoch,Mittel (31-60min),Mittel (201-400kcal),5490,0.06109,5490,Mittlere Belastung,-0.4462622977584361,0.9743634490475311,0.8973166172116136,0.8997481348612542,0.04323882167601098,0.20225329829834743,-0.29101829878327695,0.49933553818894066
60,136,170,470.2,0,0,1,1,0,7.84,34,0.8,Hoch,Mittel (31-60min),Hoch (401-600kcal),8160,0.05762,8160,Sehr hohe Belastung,-0.09757503616583171,1.9289450051770345,2.1761901537654103,1.1436808810015477,0.7242502630731864,-0.056489699275346895,0.2965470148009581,0.18973472702074723
45,106,126,270.8,0,0,0,0,0,6.02,20,0.841,Hoch,Mittel (31-60min),Mittel (201-400kcal),4770,0.05677,4770,Mittlere Belastung,-0.4462622977584361,-0.11658690081475832,-0.5033543990139729,0.005328065680176708,-0.6377726197211644,0.5018504533836794,-0.44946287772734034,0.11389591160490768
60,107,136,400.0,0,0,0,0,0,6.67,29,0.787,Hoch,Mittel (31-60min),Mittel (201-400kcal),6420,0.06231,6420,Hohe Belastung,-0.09757503616583171,-0.048402503948365226,0.10563299934497773,0.41188264258066654,0.2378135192180611,-0.23352438182577034,-0.0863607176471951,0.6081865438446166
60,112,146,361.9,0,0,0,0,0,6.03,34,0.767,Hoch,Mittel (31-60min),Mittel (201-400kcal),6720,0.05385,6720,Sehr hohe Belastung,-0.09757503616583171,0.29251948038360026,0.7146203977039284,0.011582751478646201,0.7242502630731864,-0.5058854319033449,-0.020342143087168696,-0.146632724882448
30,103,127,185.0,0,0,0,0,0,6.17,24,0.811,Hoch,Kurz (<30min),Niedrig (<200kcal),3090,0.05987,3090,Niedrige Belastung,-0.7949495593510405,-0.3211400914139376,-0.4424556591780779,0.09914835265721299,-0.24862322463706418,0.09330887826731911,-0.8191668952634883,0.3904845325332647
60,110,150,409.4,0,0,0,0,0,6.82,40,0.733,Moderat,Mittel (31-60min),Hoch (401-600kcal),6600,0.06203,6600,Hohe Belastung,-0.09757503616583171,0.15615068665081405,0.9582153570475087,0.5057029295577028,1.3079743556993366,-0.9688992170352216,-0.04674957291117926,0.5832043458252815
60,106,134,343.0,0,0,0,0,0,5.72,28,0.791,Hoch,Mittel (31-60min),Mittel (201-400kcal),6360,0.05393,6360,Hohe Belastung,-0.09757503616583171,-0.11658690081475832,-0.016164480326812402,-0.1823125082738953,0.14052617044703603,-0.17905217181025546,-0.09956443255920039,-0.13949495401978101
60,109,129,353.2,0,0,0,0,0,5.89,20,0.845,Hoch,Mittel (31-60min),Mittel (201-400kcal),6540,0.05401,6540,Hohe Belastung,-0.09757503616583171,0.08796628978442096,-0.3206581795062877,-0.07598284969992114,-0.6377726197211644,0.5563226633991943,-0.05995328782318454,-0.1323571831571134
60,109,138,374.0,0,0,0,0,0,6.23,29,0.79,Hoch,Mittel (31-60min),Mittel (201-400kcal),6540,0.05719,6540,Hohe Belastung,-0.09757503616583171,0.08796628978442096,0.22743047901676786,0.13667646744802772,0.2378135192180611,-0.19267022431413416,-0.05995328782318454,0.15136920863391062
30,150,167,275.8,0,0,1,1,0,9.19,17,0.898,Sehr Hoch,Kurz (<30min),Mittel (201-400kcal),4500,0.06129,4500,Niedrige Belastung,-0.7949495593510405,2.883526561306538,1.993493934257725,1.988063463794872,-0.9296346660342396,1.2780794461047669,-0.5088795948313641,0.5171799653456087
60,105,128,328.0,0,0,0,0,0,5.47,23,0.82,Hoch,Mittel (31-60min),Mittel (201-400kcal),6300,0.05206,6300,Hohe Belastung,-0.09757503616583171,-0.18477129768115141,-0.38155691934218283,-0.33867965323562205,-0.34591057340808923,0.21587135080222616,-0.11276814747120567,-0.3063403479346284
60,97,131,270.4,0,0,0,0,0,4.51,34,0.74,Moderat,Mittel (31-60min),Mittel (201-400kcal),5820,0.04646,5820,Mittlere Belastung,-0.09757503616583171,-0.7302464726122961,-0.1988606998344976,-0.9391294898886529,0.7242502630731864,-0.8735728495080706,-0.21839786676724793,-0.8059843083213382
60,100,120,270.4,0,0,0,0,0,4.51,20,0.833,Hoch,Mittel (31-60min),Mittel (201-400kcal),6000,0.04507,6000,Mittlere Belastung,-0.09757503616583171,-0.5256932820131169,-0.8687468380293434,-0.9391294898886529,-0.6377726197211644,0.3929060333526496,-0.17878672203123208,-0.9300030770601824
60,114,150,382.8,0,0,0,0,0,6.38,36,0.76,Hoch,Mittel (31-60min),Mittel (201-400kcal),6840,0.05596,6840,Sehr hohe Belastung,-0.09757503616583171,0.4288882741163864,0.9582153570475087,0.23049675442506345,0.9188249606152364,-0.601211799430496,0.006065286736841868,0.04162598162040162
30,80,120,240.9,0,0,1,0,0,8.03,40,0.667,Moderat,Kurz (<30min),Mittel (201-400kcal),2400,0.10038,2400,Niedrige Belastung,-0.7949495593510405,-1.8893812193409787,-0.8687468380293434,1.2625199111724597,1.3079743556993366,-1.8676906822912163,-0.971009616751549,4.004873253116409
30,85,120,250.4,0,0,0,0,0,8.35,35,0.708,Moderat,Kurz (<30min),Mittel (201-400kcal),2550,0.0982,2550,Niedrige Belastung,-0.7949495593510405,-1.5484592350090134,-0.8687468380293434,1.4626698567234702,0.8215376118442114,-1.30935052963219,-0.9380003294715358,3.8103689971087253
45,90,130,260.4,0,0,0,0,0,5.79,40,0.692,Moderat,Mittel (31-60min),Mittel (201-400kcal),4050,0.0643,4050,Niedrige Belastung,-0.4462622977584361,-1.2075372506770479,-0.25975943967039267,-0.13852970768461162,1.3079743556993366,-1.5272393696942494,-0.6079074566714038,0.7857385940534651
45,95,130,270.0,0,0,0,0,0,6.0,35,0.731,Moderat,Mittel (31-60min),Mittel (201-400kcal),4275,0.06316,4275,Niedrige Belastung,-0.4462622977584361,-0.8666152663450823,-0.25975943967039267,-0.007181305916761167,0.8215376118442114,-0.9961353220429792,-0.5583935257513839,0.6840253592604562
45,100,140,280.9,0,0,0,0,0,6.24,40,0.714,Moderat,Mittel (31-60min),Mittel (201-400kcal),4500,0.06242,4500,Niedrige Belastung,-0.4462622977584361,-0.5256932820131169,0.349227958688558,0.14293115324649666,1.3079743556993366,-1.2276422146089174,-0.5088795948313641,0.6180009787807846
60,105,140,290.8,0,0,0,0,0,4.85,35,0.75,Moderat,Mittel (31-60min),Mittel (201-400kcal),6300,0.04616,6300,Hohe Belastung,-0.09757503616583171,-0.18477129768115141,0.349227958688558,-0.7264701727407045,0.8215376118442114,-0.7373923244692833,-0.11276814747120567,-0.8327509490563406
60,110,145,300.0,0,0,0,0,0,5.0,35,0.759,Hoch,Mittel (31-60min),Mittel (201-400kcal),6600,0.04545,6600,Hohe Belastung,-0.09757503616583171,0.15615068665081405,0.6537216578680334,-0.6326498857636682,0.8215376118442114,-0.6148298519343748,-0.04674957291117926,-0.8960986654625129
60,115,145,310.2,0,0,0,0,0,5.17,30,0.793,Hoch,Mittel (31-60min),Mittel (201-400kcal),6900,0.04496,6900,Sehr hohe Belastung,-0.09757503616583171,0.4970726709827795,0.6537216578680334,-0.5263202271896941,0.33510086798908617,-0.15181606680249798,0.01926900164884715,-0.9398175119963498
75,120,150,320.4,0,0,0,0,0,4.27,30,0.8,Hoch,Lang (61-90min),Mittel (201-400kcal),9000,0.0356,9000,Sehr hohe Belastung,0.2511122254267727,0.837994655314745,0.9582153570475087,-1.0892419490519107,0.33510086798908617,-0.056489699275346895,0.481399023569032,-1.7749367029284218
75,125,150,330.4,0,0,0,0,0,4.41,25,0.833,Hoch,Lang (61-90min),Mittel (201-400kcal),9375,0.03524,9375,Sehr hohe Belastung,0.2511122254267727,1.1789166396467106,0.9582153570475087,-1.0016763478733433,-0.15133587586603914,0.3929060333526496,0.563922241769065,-1.8070566718104244
